Favorite Song,Genre
Soulful K.K.,Soul
Farewell,Folk
Hypno K.K.,Electronic
K.K. Chorale,Classical
K.K. Folk,Folk
K.K. Ballad,Electronic
K.K. Moody,Blues
Mr. K.K.,Folk
K.K. Parade,Children's Music
Surfin' K.K.,Rock
DJ K.K.,Electronic
King K.K.,World
Animal City,World
K.K. Island,Latin
K.K. Swing,Funk
My Place,Reggae
Steep Hill,Pop
K.K. House,Electronic
Only Me,Blues
K.K. Rock,Rock
To The Edge,Jazz
K.K. Étude,Classical
Stale Cupcakes,Children's Music
K.K. Mambo,World
Lucky K.K.,World
K.K. Oasis,World
Forest Life,Folk
Wandering,Children's Music
Mountain Song,Children's Music
K.K. Jazz,Jazz
K.K. Adventure,Folk
Go K.K. Rider,Pop
Pondering,Folk
K.K. Calypso,Latin
K.K. Disco,Disco
K.K. Fusion,Rhythm & Blues
K.K. Groove,Jazz
Comrade K.K.,World
Café K.K.,World
K.K. Tango,Latin
Neapolitan,Folk
K.K. Synth,Electronic
K.K. Jongara,World
K.K. Condor,Latin
K.K. D&B,Electronic
K.K. Blues,Blues
K.K. Metal,Rock
Two Days Ago,Rock
K.K. Steppe,Folk
K.K. Cruisin',Funk
The K. Funk,Funk
K.K. Lullaby,Children's Music
K.K. March,Classical
Drivin',Jazz
K.K. Stroll,Pop
K.K. Soul,Soul
K.K. Song,World
K.K. Milonga,Latin
K.K. Sonata,Classical
Marine Song 2001,World
Bubblegum K.K.,Pop
K.K. Rally,World
K.K. Bossa,Latin
K.K. Aria,Classical
K.K. Western,Country
K.K. Marathon,World
K.K. Dixie,Country
Spring Blossoms,Folk
Imperial K.K.,Folk
Rockin' K.K.,Rock
K.K. Reggae,Reggae
Space K.K.,Electronic
K.K. Love Song,Rhythm & Blues
K.K. Bazaar,World
K.K. Faire,World
K.K. Ragtime,Jazz
K.K. Flamenco,Latin
K.K. Rockabilly,Rock
K.K. Safari,World
Aloha K.K.,World
K.K. Dirge,World
K.K. Country,Country
K.K. Technopop,Electronic
K.K. Lament,Blues
K.K. Salsa,Latin
K.K. Casbah,World
I Love You,Children's Music
Agent K.K.,Jazz
K.K. Gumbo,Jazz