,Name,Filename,Unique Entry ID
0,Admiral,brd06,B3RyfNEqwGmcccRC3
1,Agent S,squ05,SGMdki6dzpDZyXAw5
2,Agnes,pig17,jzWCiDPm9MqtCfecP
3,Al,gor08,LBifxETQJGEaLhBjC
4,Alfonso,crd00,REpd8KxB8p9aGBRSE
5,Alice,kal01,wkPJDHMMMTK24eqzC
6,Alli,crd01,dcB3BpFLtcXHAbt5i
7,Amelia,pbr01,gWpcHhfpuN4MSTdhF
8,Anabelle,ant03,gvdKbp6t9xMtx5swT
9,Anchovy,brd02,T9ya79MPxRxcR4tae
10,Angus,bul00,jHQfWetzGf6Zhgt4u
11,Anicotti,mus10,oGr6N9vC3TD9raXbf
12,Ankha,cat19,AWdRRws22EGTxC7vc
13,Annalisa,ant08,XTwyzscZPAA8LRdYN
14,Annalise,hrs09,88YKJKvjin32GeG4H
15,Antonio,ant01,RQNii4nDE2AWswpgE
16,Apollo,pbr00,25sZq7NjGGADiEXtR
17,Apple,ham01,bEHwPJ3GBDZaNE4Bd
18,Astrid,kgr05,qrki2afmbkBQ6DbmZ
19,Audie,wol12,2tufzN7iwjncqLu7Y
20,Aurora,pgn00,CXt3MBoeCZXXSRS7B
21,Ava,chn05,93emjZzaaLb7BdkSn
22,Avery,pbr05,SKF5NqPPqzjL7dEng
23,Axel,elp06,K3aj3w7fLcMETyuzf
24,Baabara,shp01,LAWZdKWcejrkbikco
25,Bam,der01,2yvPukPn4ZSamngmb
26,Bangle,tig03,DvL5iP2kNCNfwc6Mv
27,Barold,cbr16,6qZJQFWqeCHzPNyEZ
28,Bea,dog10,DkqHjENW8fRBE9uxG
29,Beardo,bea13,3XoqTm3LW4C4BvLBt
30,Beau,der07,zbkkW8wWbmyGAZauv
31,Becky,chn09,D7Atj8BuHK6mgwwvZ
32,Bella,mus02,hu4qewj6YKKmzMpYL
33,Benedict,chn01,BjcoELiTM3m8StExF
34,Benjamin,dog16,wgb64Mp6XbFS2CPwj
35,Bertha,hip03,oMQnY9fuzdtPweuLi
36,Bettina,mus15,r9JpujcMdgTRABad9
37,Bianca,tig06,KGECko2WSNbQp4oRY
38,Biff,hip04,sT2KXbN2N3dqB6aaN
39,Big Top,elp02,o2NPbZGfMvTD7Se5i
40,Bill,duk00,hcnPuswvHJykZw7BX
41,Billy,goa02,dqEHTSBSx5iLhGiSC
42,Biskit,dog03,nfeef6XSSstGwrbWo
43,Bitty,hip05,JGyY83aN4ocBGZs8s
44,Blaire,squ01,SjArzqyvbHAbgRz8D
45,Blanche,ost08,2B4NDzz69JKjjqF9o
46,Bluebear,cbr00,ytYM52sRa4vhWW9cF
47,Bob,cat00,KijzbrvT4obqCnBTw
48,Bonbon,rbt17,yEQijXt6x8kQxdTrD
49,Bones,dog04,Y3F5fcfjvypECTqSm
50,Boomer,pgn10,jqR8knKhx3kGYTSSd
51,Boone,gor02,ZgTh9dkb3k36EPZ4o
52,Boots,crd02,xEt4yY9KCa4KoERfM
53,Boris,pig09,KRpDTZHnRjL2jn4H6
54,Boyd,gor05,qmod2zJ2CrQtqzrxw
55,Bree,mus03,6khpEinhKwWjzZh9S
56,Broccolo,mus12,yH5PZX3bdHRRxhCCX
57,Broffina,chn12,XSjgXrChHy9Trd5Pa
58,Bruce,der03,dzo5NgALeJ73j3sNd
59,Bubbles,hip02,K4k5ieRWQieA6Fqm8
60,Buck,hrs00,Xi74RYjLgeBB8vopx
61,Bud,lon00,WhJYGJgSfLF4ySXhh
62,Bunnie,rbt00,XNBZBNmNXxC5bxz4t
63,Butch,dog01,NPbD69TfvJAorLZ9a
64,Buzz,pbr03,LWLRkHDisDgGdJ5ju
65,Cally,squ11,DvkaYEh9vM2SXJLCc
66,Camofrog,flg03,5akmmJeoXXhcpdf8e
67,Canberra,kal08,ugiHobiK9QnmA22ym
68,Candi,mus08,4CimNs6T9nDNQuiYH
69,Carmen,rbt16,pAFu4JyZ333Ysoezk
70,Caroline,squ06,Th3uHvMcYaf9eT2Df
71,Carrie,kgr02,igeZhX3Fqa8LdKEra
72,Cashmere,shp04,dnRDXd86NcXDNHyf4
73,Celia,pbr09,L8cCZBvY4JW4KsDGy
74,Cesar,gor00,pDKMq8PfxWLXWrsvT
75,Chadder,mus18,4BLXuRhdjJ9TzvRyA
76,Charlise,bea12,QqCXo64EBwXSrukSr
77,Cheri,cbr10,MpumYkzF382cPoRt5
78,Cherry,dog17,tafi3Cfsf4wbwC9LW
79,Chester,cbr15,46bDn76rBA3hNjFZu
80,Chevre,goa00,XutRmNyAP4NogwPaR
81,Chief,wol00,d3STnZCPAxLzrEzMd
82,Chops,pig14,8t9Bc5vqJ2vbtcjf5
83,Chow,bea03,M3LhuYKZCmR5K9ckA
84,Chrissy,rbt13,pYMsB8AHagkRht8RX
85,Claude,rbt11,PPFtt3uWkRQNMg2tZ
86,Claudia,tig05,xCyuFvwryTntgPgvW
87,Clay,ham05,K9s2bvx54sfHw8mZ8
88,Cleo,hrs07,XwxskQMt5rJT8EnH5
89,Clyde,hrs10,2iBqzRfTRaddw2EXi
90,Coach,bul07,mYwCLsd8MxLwWALjQ
91,Cobb,pig08,mTNPvAaoYMmPndYnm
92,Coco,rbt02,2g7sGcTtHcJeWtwNM
93,Cole,rbt18,YaWjP3XtbFqn8YPNd
94,Colton,hrs11,GgsrLhmh3FL4ZiAPB
95,Cookie,dog08,YvNrsTEJsqkpdRNqL
96,Cousteau,flg10,XPhZym7Wxu926eLD8
97,Cranston,ost06,Wbivs7b7D3NZ7q9y9
98,Croque,flg17,SqHZjtuNfu7DAXYDE
99,Cube,pgn02,YskkqbSnYwCh63Sru
100,Curlos,shp08,B6tM7dBSpcaMrAGrF
101,Curly,pig00,kRGwwKyoSLKh9g2Tk
102,Curt,bea02,w7y7v3w49B7KkDXbg
103,Cyd,elp12,edCh8EDStBMbyskYa
104,Cyrano,ant00,JaNDeYdAuiJCYZbAx
105,Daisy,dog07,2u92atfG2uMg2J8sS
106,Deena,duk04,dXBazBPxXu9QGrAzM
107,Deirdre,der04,ibnMhhdYMGHYr9RAZ
108,Del,crd04,Eqn3ZXJtMBrEYtm7u
109,Deli,mnk08,zh7aML2hmMKy5bbiR
110,Derwin,duk08,nBcDHyXheHurcisiL
111,Diana,der08,QGyW9QJjjxo3jta6j
112,Diva,flg18,FmQ9x68HncTm8vdsG
113,Dizzy,elp01,vthzJrsaM6Y7dykA5
114,Dobie,wol04,YjMXvmH5eovNYShdE
115,Doc,rbt10,iasth9JRLdRvLzuQ7
116,Dom,shp15,T6YJZ7vj2X52zmDcp
117,Dora,mus00,9Qpj5fqp4E8PvGGFw
118,Dotty,rbt01,CRMJaAokcTnrXsQdp
119,Drago,crd08,qjqzytG4LCEoong4w
120,Drake,duk09,CKAsCWnKjfQYG8R7v
121,Drift,flg04,gf6jM4si5zSEFjf9w
122,Ed,hrs06,JmHu7aFcqj9hxKupZ
123,Egbert,chn02,jRwtNxCCWuznSMCZy
124,Elise,mnk05,taRZ4jRFMGPkxCZo4
125,Ellie,elp07,odt2kdswLHE2YMkQd
126,Elmer,hrs03,LcRhQqeH8u7PboJ73
127,Eloise,elp03,6QughAEZFkYZ5vKpw
128,Elvis,lon01,4jYpCpw9nooMZHR8s
129,Erik,der09,BJcXu5LtRBo8DdZ2v
130,Eugene,kal10,2XX9mSSzxEhwXMi4f
131,Eunice,shp02,dbAfEFetNQpXajtch
132,Fang,wol06,PFvvq6NGpsRgCwg2z
133,Fauna,der00,kB5jGQAqkLnh8LxWy
134,Felicity,cat17,ygF99DNm88JRXvKLi
135,Filbert,squ02,ffo6sBoX9fkMB4bem
136,Flip,mnk06,ADkNZkrRxdSrfGFH8
137,Flo,pgn13,6cB5T5yZtevY6d2jp
138,Flora,ost09,eDX52Zi7H7qifrwYm
139,Flurry,ham06,B4cpBYrewfSK3WN6M
140,Francine,rbt12,eJZX7wDRYqatmKBKr
141,Frank,pbr06,8BgXtjz2mfGBrZwCm
142,Freckles,duk07,AcYKxih6FpRRyZDs4
143,Freya,wol05,qyoMuqvPA4Wqp3Ybn
144,Friga,pgn04,uk9DGWqzxRT4TEJbm
145,Frita,shp11,79EahCMHHzp3BwH7x
146,Frobert,flg02,YXidGR87Fi7mov7Po
147,Fuchsia,der06,Z98WrodjQxXZAACLA
148,Gabi,rbt05,WC97mFMgiZixDfcRZ
149,Gala,pig13,84NHBxaLCDPy48Xpx
150,Gaston,rbt04,5TXosg4PLkG4jZ3AD
151,Gayle,crd07,HY5swi9u3np5LyR8Q
152,Genji,rbt08,zFPwakzpAr8fmL4FM
153,Gigi,flg16,QX93pNfztrLZvLxdC
154,Gladys,ost01,ZSLn6jgRc5W4oZA4f
155,Gloria,duk15,7iiegnbmMRDeDaC3t
156,Goldie,dog00,RdpZtkYzLeivKyx7Z
157,Gonzo,kal04,SFkpDu8Bxgot4ShcP
158,Goose,chn00,5iSyoeFknLsoYManw
159,Graham,ham02,D86CPtiT7ssiFexPE
160,Greta,mus16,jKZuhKCACcaqpDCNQ
161,Grizzly,bea09,ePDrk4wsbfZAu4rA3
162,Groucho,bea06,QC3CiJqhhcm9WpAho
163,Gruff,goa04,oTGj76upYyWRcG34C
164,Gwen,pgn05,jFBkwJJrXK4mJ2giR
165,Hamlet,ham00,LA2HHrtZ6beHgmKpL
166,Hamphrey,ham07,bp3ns8FmZnYBL7CqD
167,Hans,gor10,rAgKSRJPoazkBPS5d
168,Harry,hip08,dtAkeJzvhPfGXH7pk
169,Hazel,squ18,PfTkvEmpjE2HR3SeD
170,Henry,flg19,RNats2ap2rGvbdcKn
171,Hippeux,hip09,WjAPWpCx6bTjKiZjw
172,Hopkins,rbt14,EeTwHAQeWyShyg7pm
173,Hopper,pgn03,FP3bdBM2RSjWTXYHK
174,Hornsby,rhn04,KuDi35nStc6mtd3F8
175,Huck,flg11,KWx6zRZpPoaQy2PMD
176,Hugh,pig03,Ko7gAjWQAY3PY5DLi
177,Iggly,pgn11,qZtYZEyzeZv2qhoJD
178,Ike,bea11,BvhNkdNxf2kJue7kp
179,Jacob,brd11,HBYP4stJTe3eGEepn
180,Jacques,brd16,sXDhuuCThhtuQRDAe
181,Jambette,flg13,9bG8kLsEtaodApHoX
182,Jay,brd00,zv7EfaEb2TnPwmQxe
183,Jeremiah,flg07,Z9mmrgQ578rPeLdjp
184,Jitters,brd04,TksYZm8hEYAeDWD2X
185,Joey,duk01,EkpmSi299YR9BP96Y
186,Judy,cbr19,nEbMBNS4EztR8Ysxv
187,Julia,ost05,z8F5zPavZfhe6xqEi
188,Julian,hrs13,CqhXFKr8hdfYSYpRA
189,June,cbr13,kYaqSE3C2y7EYSXfi
190,Kabuki,cat09,d2DY8aRv5AfFtkneg
191,Katt,cat21,6rE8fTRLqKCERS4dQ
192,Keaton,pbr08,WRueK9fukhKgMrWZa
193,Ken,chn13,gQZ4xwZeRvqmswoGY
194,Ketchup,duk13,CaQE3xJ4A7tgQXDMW
195,Kevin,pig15,fGznAwhaxGN66K38Q
196,Kid Cat,cat10,Jd6z54x98v4uJhubB
197,Kidd,goa07,Pv4qNLnQ4NquvddfQ
198,Kiki,cat04,QTwru2TFs99vCznLg
199,Kitt,kgr00,jjReK7y42rnNZmQe6
200,Kitty,cat14,E6MnPthbMdNSvhHE5
201,Klaus,bea14,cFgAWnZ4nhq7DfrN7
202,Knox,chn11,25GGGSHzwEnKmepJk
203,Kody,cbr04,j9pPANZ9zsm6Mobh2
204,Kyle,wol10,Q68JosFG2FvzG7QC3
205,Leonardo,tig04,bZqAHvDsp82Ptify8
206,Leopold,lon04,nn3GdKz434cBryvyC
207,Lily,flg00,CQG32Qp7hhepeaRbg
208,Limberg,mus01,BnXXdXegMXE9HmZiy
209,Lionel,lon08,EQYQEL4crTYEN9yJs
210,Lobo,wol01,9QsHyDimk75LPvBsn
211,Lolly,cat18,ucvTsRXewrZsFj64Y
212,Lopez,der05,wBJRdKXMHcPyHDPEj
213,Louie,gor04,emwaesnBa9EmWvW89
214,Lucha,brd15,se8G8LxivnMhgBiRE
215,Lucky,dog02,WtvwKvChcpgZ4WcQB
216,Lucy,pig04,8FpMvE2W6YJtmTpiQ
217,Lyman,kal09,cnByupc7McZQg8sNJ
218,Mac,dog14,bLyixhvrCHgBYzvoX
219,Maddie,dog09,ebHEDLT4WnnnPtDzK
220,Maelle,duk03,bHTDLovALeQz9PK4z
221,Maggie,pig10,ByLM9r2q7mRAMbgXs
222,Mallary,duk06,jhXJGTWpk3ycr6kZC
223,Maple,cbr01,xgPhy4TnDmnzSkZ6o
224,Marcel,dog15,63FsmgrS7QPpFvL3N
225,Marcie,kgr10,mSJuJRK54zTu3BkHr
226,Margie,elp04,rnFzZ3Z4gFAv6ouqG
227,Marina,ocp01,BQCu2GxBFFTuigDAY
228,Marshal,squ17,ZZJJbE5zFrcDXfLEF
229,Mathilda,kgr01,GSsfXWFSF3FEdbcjA
230,Megan,bea15,tgsKz4BX3wxFRFrFZ
231,Melba,kal02,sLBs68aveqtjT8HZJ
232,Merengue,rhn07,qxaecyD6f6aHuNZKK
233,Merry,cat16,uhd4aEuBudwu9pM6E
234,Midge,brd08,WSnecxx3DREYtZ3p3
235,Mint,squ09,TgwEuBB4kt96EXAvt
236,Mira,rbt19,ycquvbgfbCzktuLvn
237,Miranda,duk12,9AE7bEWmthdc7kZ4m
238,Mitzi,cat01,4DpkbYXeoySwonvkS
239,Moe,cat08,EYRuj39J5cS5eYuPD
240,Molly,duk16,4RLK74MDFhcXAQeuL
241,Monique,cat11,6rhSBCp2M4wcM9cRG
242,Monty,mnk04,AB2WWajw4nPsxsQ5h
243,Moose,mus14,bqireWGDZg56QP8JF
244,Mott,lon06,upZ67GQyTzKPGCLm8
245,Muffy,shp12,BMbfDZTTqMr8T4Jvt
246,Murphy,cbr07,Nw4ojqKpHxBQfEqqo
247,Nan,goa01,oGFWxL6p7g9Hq5LWK
248,Nana,mnk01,z95tvdzwWsxjXbpqP
249,Naomi,cow07,3EXPYiDinngndhDng
250,Nate,bea05,h2nAg5RGkR7NEnSQq
251,Nibbles,squ04,Moh8bkfxWaxEa97mG
252,Norma,cow06,fwgBojtt5KTvk3TL5
253,O'Hare,rbt15,WDB4w6DdNpdhCvEuj
254,Octavian,ocp00,nLsc5geQY78JR7j4S
255,Olaf,ant09,ar73BhCacgwhTNYnX
256,Olive,cbr09,7ZynzrsbeH5fMqvLu
257,Olivia,cat03,9TaBZpKSgb9nEWwtH
258,Opal,elp00,FYopCfP6LEKMEAP7F
259,Ozzie,kal05,jn3GZEfXoGm3ahwd3
260,Pancetti,pig16,bjvvbcuiiN9pYiZA9
261,Pango,ant02,dz29mEXmHc8mM3q7R
262,Paolo,elp05,jH9AH2BeLRwtsFwHQ
263,Papi,hrs12,miKjvBKFawhzBB8rW
264,Pashmina,goa08,hftL8Ep8ffr3PWTuE
265,Pate,duk02,DHBvGmtvAKgcEQiLx
266,Patty,cow00,WwWCGiveKwyuntnBe
267,Paula,bea10,mt4oJ6k5CJTCGJXAZ
268,Peaches,hrs08,SRuoS7z66df8wdynd
269,Peanut,squ00,ZcdcgJXwiH4rJg2JK
270,Pecan,squ03,qJmNiqamwRRxHc4fY
271,Peck,brd17,TC9QnMpcjfskBGzwB
272,Peewee,gor01,HAeZAgW5pywjmCBeu
273,Peggy,pig11,YReGwLNQoegR9PhZx
274,Pekoe,cbr14,QvWvWxjFtNLCnZES5
275,Penelope,mus17,L9mYm8tvKg32G85cv
276,Phil,ost07,rCHTjrbTz7pejGT8J
277,Phoebe,ost10,HYJxoDdCoLS7uPdz9
278,Pierce,pbr02,aavqm5o5TcTxgrBs6
279,Pietro,shp13,fLBrHLToMTBrc5Was
280,Pinky,bea01,CLQDMiLJYw9de8t7c
281,Piper,brd05,B9nGDw29C3MeZeiob
282,Pippy,rbt06,zRveogN878Fugd5ga
283,Plucky,chn10,8v54MppXDZwDS2viK
284,Pompom,duk05,D4EfZuiFQqxXAaxa5
285,Poncho,cbr02,2yyqShsyFuek2xsPq
286,Poppy,squ15,NaP65qNMvxYTzTXrs
287,Portia,dog05,XAP6AcqdXDufCkTAd
288,Prince,flg12,3YQrrLRvCYt62wMLi
289,Puck,pgn06,qnejmf3Q7jvCoBvw7
290,Puddles,flg06,TuEiYBT2nG3qNT2RX
291,Pudge,cbr03,QGD2qdJ8oyu4SS7To
292,Punchy,cat06,Q8Qds8CMWMnXTGbqf
293,Purrl,cat07,ZgpbeQ6LW63qq2yok
294,Queenie,ost00,4vYPTrcRBimNwXmcC
295,Quillson,duk17,tdfJ4MAeE2pKDxxNd
296,Raddle,flg15,Xi6NDcp6NptRB9WDz
297,Rasher,pig02,vhd6ReEt63uAnpYsq
298,Raymond,cat23,2nbzgWsuDBSN2LeEj
299,Ren√©e,rhn08,ZyeqzXyxABEFXsS5c
300,Reneigh,hrs16,4rRW9HkPYfAWBQvWC
301,Rex,lon02,umQmbALHn7dbiMrYL
302,Rhonda,rhn01,BjYi6hQsSg6sQcxhm
303,Ribbot,flg01,vg2BFTmhyyhbiHtbC
304,Ricky,squ10,g5JArfBAeNAXb8rFX
305,Rizzo,mus09,vmbvXTtjpswNLkcpi
306,Roald,pgn01,kxpZTdDuacHxQA3An
307,Robin,brd01,xK49Rcb2Lnm5P4aLM
308,Rocco,hip00,vfET6L7B9ruRApyMb
309,Rocket,gor09,eJNBB5SYzfj5DaWjx
310,Rod,mus05,ezLuGMubv35hSamPr
311,Rodeo,bul01,QNT5F2pjZixKpiD4D
312,Rodney,ham03,AnFmctYx65LkTaFGu
313,Rolf,tig00,MA2wxkE7cEyD4f4hz
314,Rooney,kgr09,9wnSweJyqfd4izW4M
315,Rory,lon07,hAfSborD4JtyNGFd6
316,Roscoe,hrs04,RKAg95c8nosL8fNec
317,Rosie,cat02,NTwyXi4RAX4EKTcW6
318,Rowan,tig01,WqtXZv8CLheckbHoF
319,Ruby,rbt09,rjbSmp6a8PdsEw9BM
320,Rudy,cat20,TqXTvnySgEac3iEt7
321,Sally,squ07,jtXMvWWbQ9qN2iw7S
322,Samson,mus04,XFzdPqYwq4n98EpuF
323,Sandy,ost02,6t3MfdfbyRKwjgNPd
324,Savannah,hrs02,Mquwz8gbb3EEmazyF
325,Scoot,duk10,wanb7GiQ9fe6puXe8
326,Shari,mnk07,sR4EndxJk6uqcQKxB
327,Sheldon,squ16,KQG9B6Yp57KhnDiZ9
328,Shep,dog18,P4FqMoZg2EJQ6EzAb
329,Sherb,goa09,XaaDkAfHynrEY2YS4
330,Simon,mnk02,mTk2qZXe4XwP3WzNT
331,Skye,wol09,y8Mi2cSB26qfaxCa3
332,Sly,crd06,GbXz3ZAtzig3qyKd5
333,Snake,rbt03,LZcGjneEs8xmxNE3q
334,Snooty,ant06,hZmkhmRhK7xgM6BhP
335,Soleil,ham04,EzZzup4KP8t2FvL8f
336,Sparro,brd18,kyF7bCcryEzaErcTJ
337,Spike,rhn02,e8bJbKYBcretqhbuR
338,Spork,pig05,NeqP5jCsuLugbA2PW
339,Sprinkle,pgn14,5ffTHHjgjsXGAcsb3
340,Sprocket,ost03,mFq536yZgoy7zEbKd
341,Static,squ08,vqPjvoChWTNpj2t6E
342,Stella,shp03,PnrARfxc8picdtvL8
343,Sterling,pbr07,u7tJskupjfv3Ejedt
344,Stinky,cat13,daE2wDXCWHDJZBkD4
345,Stitches,cbr05,SfGuc8givs3kR8kvM
346,Stu,bul03,rcPtvvvscvkEWG7AF
347,Sydney,kal03,crrWmmqsC9RfmZNCS
348,Sylvana,squ14,MBkrN9pXkoACmfPdE
349,Sylvia,kgr06,PZsBTkeYBg5ACE5xB
350,T-Bone,bul05,QLPX4QqjhiPwCLcko
351,Tabby,cat12,P3ouRnR3NRSch3LaC
352,Tad,flg09,v74Hs9XT2zRC6gDjE
353,Tammi,mnk03,vYWvCyge46SGeHfHH
354,Tammy,cbr17,vw7ussv29jkjDdnJ7
355,Tangy,cat05,eeMEC83wHWmKuHNvh
356,Tank,rhn00,tq4TfLyNJx7un4h2m
357,Tasha,squ13,i3FzxyjfuBzy7Fnv3
358,Teddy,bea00,JhB2GSBmZCpaqRGDv
359,Tex,pgn12,99QcysqkrEZ7ycBWs
360,Tia,elp10,2SK8tjSB8JvYLgPn9
361,Tiffany,rbt07,yhaDSkcEFYP6urwjN
362,Timbra,shp10,yafB94xabfKKPPNSp
363,Tipper,cow01,ZWevBdWKRpz7DC7B4
364,Tom,cat15,2vHKegY3XyX2DBc6G
365,Truffles,pig01,3oNZnyk4zv3zJD2m5
366,Tucker,elp09,96HCsK6H2c7J2ARMa
367,Tutu,bea07,HqboYio5a8bRbKtcL
368,Twiggy,brd03,P6sD4cQvXFHHvNcz8
369,Tybalt,tig02,Q49mH4FY3BrgFDoyN
370,Ursala,bea08,zodRh39TrqXPbGW49
371,Velma,goa06,PkAYXk745ZHBE69a9
372,Vesta,shp00,pkzxW9Pmtd39TMdDH
373,Vic,bul08,9ouwtyzDNP65WJv77
374,Victoria,hrs01,R5zfwZxyxaa6gue4d
375,Violet,gor07,z7N6aubfytXa7Z4Me
376,Vivian,wol08,tWyG3bE5fwvNNGpWM
377,Vladimir,cbr06,Eskwc34f2x6Qx6ZNT
378,Wade,pgn09,cy2hRtipGaiHEBPd8
379,Walker,dog06,rh6PGwW3Lg6EFcfo6
380,Walt,kgr08,wN36ADi7MxiLNJ3Eu
381,Wart Jr.,flg05,HCbj4RPsBexGWd2Sy
382,Weber,duk11,QrbKSTR4H9tFKBofW
383,Wendy,shp09,YyW9WdsWe6EgMF4Mq
384,Whitney,wol03,KbixDxCFpoWTimarv
385,Willow,shp07,HT58xc2w7ootdCRWb
386,Winnie,hrs05,b4HwfyvThyipScSAv
387,Wolfgang,wol02,RbF2wcn6jRxtgLDRd
388,Yuka,kal00,QDcxk3dCNT6yeD9hk
389,Zell,der02,LodBWtdMRZbjFNga9
390,Zucker,ocp02,2F5tipHqgmWvWXTLC
